,Gender,Age,Debt,MaritalStatus,BankCustomer,EducationLevel,YearsEmployed,Default,Employed,CreditScore,DriversLicense,Citizen,PostalCode,Income,ApprovalStatus
0,Female,30.83,0,u,1,w,1.25,0,t,1288,f,TRUE,202,0,TRUE
1,Male,58.67,4.46,u,1,q,3.04,0,t,949,f,TRUE,43,560,TRUE
2,Male,24.5,0.5,u,1,q,1.5,0,f,878,f,TRUE,280,824,TRUE
3,Female,27.83,1.54,u,1,w,3.75,0,t,1198,t,TRUE,100,3,TRUE
4,Female,20.17,5.625,u,1,w,1.71,0,f,708,f,FALSE,120,0,TRUE
5,Female,32.08,4,u,1,m,2.5,0,f,1173,t,TRUE,360,0,TRUE
6,Female,33.17,1.04,u,1,r,6.5,0,f,1450,t,TRUE,164,31285,TRUE
7,Male,22.92,11.585,u,1,cc,0.04,0,f,1351,f,TRUE,80,1349,TRUE
8,Female,54.42,0.5,y,0,k,3.96,0,f,1615,f,TRUE,180,314,TRUE
9,Female,42.5,4.915,y,0,w,3.165,0,f,1049,t,TRUE,52,1442,TRUE
10,Female,22.08,0.83,u,1,c,2.165,0,f,1703,t,TRUE,128,0,TRUE
11,Female,29.92,1.835,u,1,c,4.335,0,f,1860,f,TRUE,260,200,TRUE
12,Male,38.25,6,u,1,k,1,0,f,777,t,TRUE,0,0,TRUE
13,Female,48.08,6.04,u,1,k,0.04,0,f,1826,f,TRUE,0,2690,TRUE
14,Male,45.83,10.5,u,1,q,5,0,t,1665,t,TRUE,0,0,TRUE
15,Female,36.67,4.415,y,0,k,0.25,0,t,1887,t,TRUE,320,0,TRUE
16,Female,28.25,0.875,u,1,m,0.96,0,t,915,t,TRUE,396,0,TRUE
17,Male,23.25,5.875,u,1,q,3.17,0,t,1498,f,TRUE,120,245,TRUE
18,Female,21.83,0.25,u,1,d,0.665,0,f,1274,t,TRUE,0,0,TRUE
19,Male,19.17,8.585,u,1,cc,0.75,0,t,1384,f,TRUE,96,0,TRUE
20,Female,25,11.25,u,1,c,2.5,0,t,1325,f,TRUE,200,1208,TRUE
21,Female,23.25,1,u,1,c,0.835,0,f,1299,f,FALSE,300,0,TRUE
22,Male,47.75,8,u,1,c,7.875,0,t,1693,t,TRUE,0,1260,TRUE
23,Male,27.42,14.5,u,1,x,3.085,0,t,1117,f,TRUE,120,11,TRUE
24,Male,41.17,6.5,u,1,q,0.5,0,t,1364,t,TRUE,145,0,TRUE
25,Male,15.83,0.585,u,1,c,1.5,0,t,1799,f,TRUE,100,0,TRUE
26,Male,47,13,u,1,i,5.165,0,t,1092,t,TRUE,0,0,TRUE
27,Female,56.58,18.5,u,1,d,15,0,t,1616,t,TRUE,0,0,TRUE
28,Female,57.42,8.5,u,1,e,7,0,t,1007,f,TRUE,0,0,TRUE
29,Female,42.08,1.04,u,1,w,5,0,t,1815,t,TRUE,500,10000,TRUE
30,Female,29.25,14.79,u,1,aa,5.04,0,t,1457,t,TRUE,168,0,TRUE
31,Female,42,9.79,u,1,x,7.96,0,t,766,f,TRUE,0,0,TRUE
32,Female,49.5,7.585,u,1,i,7.585,0,t,1869,t,TRUE,0,5000,TRUE
33,Male,36.75,5.125,u,1,e,5,0,f,1125,t,TRUE,0,4000,TRUE
34,Male,22.58,10.75,u,1,q,0.415,0,t,1628,t,TRUE,0,560,TRUE
35,Female,27.83,1.5,u,1,w,2,0,t,889,t,TRUE,434,35,TRUE
36,Female,27.25,1.585,u,1,cc,1.835,0,t,1654,t,TRUE,583,713,TRUE
37,Male,23,11.75,u,1,x,0.5,0,t,1797,t,TRUE,300,551,TRUE
38,Female,27.75,0.585,y,0,cc,0.25,0,t,1575,f,TRUE,260,500,TRUE
39,Female,54.58,9.415,u,1,ff,14.415,0,t,1103,t,TRUE,30,300,TRUE
40,Female,34.17,9.17,u,1,c,4.5,0,t,1199,t,TRUE,0,221,TRUE
41,Female,28.92,15,u,1,c,5.335,0,t,1188,f,TRUE,0,2283,TRUE
42,Female,29.67,1.415,u,1,w,0.75,0,t,1876,f,TRUE,240,100,TRUE
43,Female,39.58,13.915,u,1,w,8.625,0,t,1473,t,TRUE,70,0,TRUE
44,Female,56.42,28,y,0,c,28.5,0,t,729,f,TRUE,0,15,TRUE
45,Female,54.33,6.75,u,1,c,2.625,0,t,1676,t,TRUE,0,284,TRUE
46,Male,41,2.04,y,0,q,0.125,0,t,1005,t,TRUE,455,1236,TRUE
47,Female,31.92,4.46,u,1,cc,6.04,0,t,1496,f,TRUE,311,300,TRUE
48,Female,41.5,1.54,u,1,i,3.5,0,f,1741,f,TRUE,216,0,TRUE
49,Female,23.92,0.665,u,1,c,0.165,0,f,949,f,TRUE,100,0,TRUE
50,Male,25.75,0.5,u,1,c,0.875,0,f,1564,t,TRUE,491,0,TRUE
51,Female,26,1,u,1,q,1.75,0,f,1537,t,TRUE,280,0,TRUE
52,Female,37.42,2.04,u,1,w,0.04,0,f,1754,t,TRUE,400,5800,TRUE
53,Female,34.92,2.5,u,1,w,0,0,f,1186,t,TRUE,239,200,TRUE
54,Female,34.25,3,u,1,cc,7.415,0,f,810,t,TRUE,0,0,TRUE
55,Female,23.33,11.625,y,0,w,0.835,0,f,786,t,TRUE,160,300,TRUE
56,Female,23.17,0,u,1,cc,0.085,0,f,1082,f,TRUE,0,0,TRUE
57,Female,44.33,0.5,u,1,i,5,0,f,1019,t,TRUE,320,0,TRUE
58,Female,35.17,4.5,u,1,x,5.75,0,f,723,t,FALSE,711,0,TRUE
59,Female,43.25,3,u,1,q,6,0,t,1654,f,TRUE,80,0,TRUE
60,Female,56.75,12.25,u,1,m,1.25,0,t,866,t,TRUE,200,0,TRUE
61,Female,31.67,16.165,u,1,d,3,0,t,706,f,TRUE,250,730,TRUE
62,Male,23.42,0.79,y,0,q,1.5,0,t,700,t,TRUE,80,400,TRUE
63,Male,20.42,0.835,u,1,q,1.585,0,t,1031,f,TRUE,0,0,TRUE
64,Female,26.67,4.25,u,1,cc,4.29,0,t,1761,t,TRUE,120,0,TRUE
65,Female,34.17,1.54,u,1,cc,1.54,0,t,857,t,TRUE,520,50000,TRUE
66,Male,36,1,u,1,c,2,0,t,1846,f,TRUE,0,456,TRUE
67,Female,25.5,0.375,u,1,m,0.25,0,t,1856,f,TRUE,260,15108,TRUE
68,Female,19.42,6.5,u,1,w,1.46,0,t,1647,f,TRUE,80,2954,TRUE
69,Female,35.17,25.125,u,1,x,1.625,0,t,1028,t,TRUE,515,500,TRUE
70,Female,32.33,7.5,u,1,e,1.585,0,f,709,t,FALSE,420,0,FALSE
71,Female,34.83,4,u,1,d,12.5,1,f,7,t,TRUE,?,0,FALSE
72,Male,38.58,5,u,1,cc,13.5,1,f,583,t,TRUE,980,0,FALSE
73,Female,44.25,0.5,u,1,m,10.75,1,f,279,f,FALSE,400,0,FALSE
74,Female,44.83,7,y,0,c,1.625,1,f,604,f,TRUE,160,2,FALSE
75,Female,20.67,5.29,u,1,q,0.375,1,t,55,f,TRUE,160,0,FALSE
76,Female,34.08,6.5,u,1,aa,0.125,0,f,783,t,TRUE,443,0,FALSE
77,Male,19.17,0.585,y,0,aa,0.585,0,f,797,t,TRUE,160,0,FALSE
78,Female,21.67,1.165,y,0,k,2.5,1,t,576,f,TRUE,180,20,FALSE
79,Female,21.5,9.75,u,1,c,0.25,1,f,266,f,TRUE,140,0,FALSE
80,Female,49.58,19,u,1,ff,0,1,t,516,f,TRUE,94,0,FALSE
81,Male,27.67,1.5,u,1,m,2,0,f,887,f,FALSE,368,0,FALSE
82,Female,39.83,0.5,u,1,m,0.25,1,f,296,f,FALSE,288,0,FALSE
83,Male,?,3.5,u,1,d,3,0,f,717,t,TRUE,300,0,FALSE
84,Female,27.25,0.625,u,1,aa,0.455,0,f,844,t,TRUE,200,0,FALSE
85,Female,37.17,4,u,1,c,5,1,f,502,t,FALSE,280,0,FALSE
86,Female,?,0.375,u,1,d,0.875,0,f,825,t,FALSE,928,0,FALSE
87,Female,25.67,2.21,y,0,aa,4,1,f,66,f,TRUE,188,0,FALSE
88,Female,34,4.5,u,1,aa,1,1,f,158,t,TRUE,240,0,FALSE
89,Male,49,1.5,u,1,j,0,1,f,45,t,TRUE,100,27,FALSE
90,Female,62.5,12.75,y,0,c,5,1,f,134,f,TRUE,112,0,FALSE
91,Female,31.42,15.5,u,1,c,0.5,1,f,34,f,TRUE,120,0,FALSE
92,Female,?,5,y,0,aa,8.5,0,f,829,f,TRUE,0,0,FALSE
93,Female,52.33,1.375,y,0,c,9.46,0,f,805,t,TRUE,200,100,FALSE
94,Female,28.75,1.5,y,0,c,1.5,0,f,872,t,TRUE,0,225,FALSE
95,Male,28.58,3.54,u,1,i,0.5,1,f,65,t,TRUE,171,0,FALSE
96,Female,23,0.625,y,0,aa,0.125,0,f,740,f,TRUE,180,1,FALSE
97,Female,?,0.5,u,1,c,0.835,1,f,614,t,FALSE,320,0,FALSE
98,Male,22.5,11,y,0,q,3,1,f,402,t,TRUE,268,0,FALSE
99,Male,28.5,1,u,1,q,1,1,t,614,t,TRUE,167,500,FALSE
100,Female,37.5,1.75,y,0,c,0.25,0,f,653,t,TRUE,164,400,FALSE
101,Female,35.25,16.5,y,0,c,4,0,f,794,f,TRUE,80,0,FALSE
102,Female,18.67,5,u,1,q,0.375,0,t,786,f,TRUE,0,38,FALSE
103,Female,25,12,u,1,k,2.25,1,t,500,t,TRUE,120,5,FALSE
104,Female,27.83,4,y,0,i,5.75,1,t,448,t,TRUE,75,0,FALSE
105,Female,54.83,15.5,u,1,e,0,0,t,779,f,TRUE,152,130,FALSE
106,Female,28.75,1.165,u,1,k,0.5,1,f,357,f,FALSE,280,0,FALSE
107,Male,25,11,y,0,aa,4.5,1,f,263,f,TRUE,120,0,FALSE
108,Female,40.92,2.25,y,0,x,10,0,f,742,t,TRUE,176,0,FALSE
109,Male,19.75,0.75,u,1,c,0.795,1,t,123,t,TRUE,140,5,FALSE
110,Female,29.17,3.5,u,1,w,3.5,0,t,825,t,TRUE,329,0,FALSE
111,Male,24.5,1.04,y,0,ff,0.5,1,t,386,f,TRUE,180,147,FALSE
112,Female,24.58,12.5,u,1,w,0.875,1,f,504,t,TRUE,260,0,FALSE
113,Male,33.75,0.75,u,1,k,1,1,t,261,t,TRUE,212,0,FALSE
114,Female,20.67,1.25,y,0,c,1.375,1,t,444,t,TRUE,140,210,FALSE
115,Male,25.42,1.125,u,1,q,1.29,1,t,136,f,TRUE,200,0,FALSE
116,Female,37.75,7,u,1,q,11.5,1,t,311,t,TRUE,300,5,FALSE
117,Female,52.5,6.5,u,1,k,6.29,0,t,1801,f,TRUE,0,11202,TRUE
118,Female,57.83,7.04,u,1,m,14,0,t,1763,t,TRUE,360,1332,TRUE
119,Male,20.75,10.335,u,1,cc,0.335,0,t,959,t,TRUE,80,50,TRUE
120,Female,39.92,6.21,u,1,q,0.04,0,t,1080,f,TRUE,200,300,TRUE
121,Female,25.67,12.5,u,1,cc,1.21,0,t,1495,t,TRUE,140,258,TRUE
122,Male,24.75,12.5,u,1,aa,1.5,0,t,836,t,TRUE,120,567,TRUE
123,Male,44.17,6.665,u,1,q,7.375,0,t,823,t,TRUE,0,0,TRUE
124,Male,23.5,9,u,1,q,8.5,0,t,1613,t,TRUE,120,0,TRUE
125,Female,34.92,5,u,1,x,7.5,0,t,1452,t,TRUE,0,1000,TRUE
126,Female,47.67,2.5,u,1,m,2.5,0,t,925,t,TRUE,410,2510,TRUE
127,Female,22.75,11,u,1,q,2.5,0,t,1561,t,TRUE,100,809,TRUE
128,Female,34.42,4.25,u,1,i,3.25,0,t,1044,f,TRUE,274,610,TRUE
129,Male,28.42,3.5,u,1,w,0.835,0,f,1179,f,FALSE,280,0,TRUE
130,Female,67.75,5.5,u,1,e,13,0,t,926,t,TRUE,0,0,TRUE
131,Female,20.42,1.835,u,1,c,2.25,0,t,1759,f,TRUE,100,150,TRUE
132,Male,47.42,8,u,1,e,6.5,0,t,1436,f,TRUE,375,51100,TRUE
133,Female,36.25,5,u,1,c,2.5,0,t,1307,f,TRUE,0,367,TRUE
134,Female,32.67,5.5,u,1,q,5.5,0,t,1320,t,TRUE,408,1000,TRUE
135,Female,48.58,6.5,u,1,q,6,0,f,1317,t,TRUE,350,0,TRUE
136,Female,39.92,0.54,y,0,aa,0.5,0,t,1766,f,TRUE,200,1000,TRUE
137,Female,33.58,2.75,u,1,m,4.25,0,t,862,f,TRUE,204,0,TRUE
138,Male,18.83,9.5,u,1,w,1.625,0,t,833,t,TRUE,40,600,TRUE
139,Male,26.92,13.5,u,1,q,5,0,t,981,f,TRUE,0,5000,TRUE
140,Male,31.25,3.75,u,1,cc,0.625,0,t,1607,t,TRUE,181,0,TRUE
141,Male,56.5,16,u,1,j,0,0,t,1412,f,TRUE,0,247,TRUE
142,Female,43,0.29,y,0,cc,1.75,0,t,817,f,TRUE,100,375,TRUE
143,Female,22.33,11,u,1,w,2,0,t,763,f,TRUE,80,278,TRUE
144,Female,27.25,1.665,u,1,cc,5.085,0,t,1510,f,TRUE,399,827,TRUE
145,Female,32.83,2.5,u,1,cc,2.75,0,t,1507,f,TRUE,160,2072,TRUE
146,Female,23.25,1.5,u,1,q,2.375,0,t,1116,t,TRUE,0,582,TRUE
147,Male,40.33,7.54,y,0,q,8,0,t,1375,f,TRUE,0,2300,TRUE
148,Male,30.5,6.5,u,1,c,4,0,t,1516,t,TRUE,0,3065,TRUE
149,Male,52.83,15,u,1,c,5.5,0,t,1310,f,TRUE,0,2200,TRUE
150,Male,46.67,0.46,u,1,cc,0.415,0,t,1148,t,TRUE,440,6,TRUE
151,Male,58.33,10,u,1,q,4,0,t,730,f,TRUE,0,1602,TRUE
152,Female,37.33,6.5,u,1,m,4.25,0,t,1416,t,TRUE,93,0,TRUE
153,Female,23.08,2.5,u,1,c,1.085,0,t,863,t,TRUE,60,2184,TRUE
154,Female,32.75,1.5,u,1,cc,5.5,0,t,851,t,TRUE,0,0,TRUE
155,Male,21.67,11.5,y,0,j,0,0,t,1626,t,TRUE,0,0,TRUE
156,Male,28.5,3.04,y,0,x,2.54,0,t,938,f,TRUE,70,0,TRUE
157,Male,68.67,15,u,1,e,0,0,t,1721,f,TRUE,0,3376,TRUE
158,Female,28,2,u,1,k,4.165,0,t,1616,t,TRUE,181,0,TRUE
159,Female,34.08,0.08,y,0,m,0.04,0,t,1527,t,TRUE,280,2000,TRUE
160,Female,27.67,2,u,1,x,1,0,t,932,f,TRUE,140,7544,TRUE
161,Female,44,2,u,1,m,1.75,0,t,1845,t,TRUE,0,15,TRUE
162,Female,25.08,1.71,u,1,x,1.665,0,t,1447,t,TRUE,395,20,TRUE
163,Female,32,1.75,y,0,e,0.04,0,f,1016,t,TRUE,393,0,TRUE
164,Male,60.58,16.5,u,1,q,11,0,f,1864,t,TRUE,21,10561,TRUE
165,Male,40.83,10,u,1,q,1.75,0,f,1218,f,TRUE,29,837,TRUE
166,Female,19.33,9.5,u,1,q,1,0,f,867,t,TRUE,60,400,TRUE
167,Male,32.33,0.54,u,1,cc,0.04,0,f,1202,f,TRUE,440,11177,TRUE
168,Female,36.67,3.25,u,1,q,9,0,f,725,t,TRUE,102,639,TRUE
169,Female,37.5,1.125,y,0,d,1.5,0,f,729,t,TRUE,431,0,TRUE
170,Male,25.08,2.54,y,0,aa,0.25,0,f,783,t,TRUE,370,0,TRUE
171,Female,41.33,0,u,1,c,15,0,f,956,f,TRUE,0,0,TRUE
172,Female,56,12.5,u,1,k,8,0,f,1152,t,TRUE,24,2028,TRUE
173,Male,49.83,13.585,u,1,k,8.5,0,f,1119,t,TRUE,0,0,TRUE
174,Female,22.67,10.5,u,1,q,1.335,0,f,1067,f,TRUE,100,0,TRUE
175,Female,27,1.5,y,0,w,0.375,0,f,823,t,TRUE,260,1065,TRUE
176,Female,25,12.5,u,1,aa,3,0,f,1349,t,FALSE,20,0,TRUE
177,Male,26.08,8.665,u,1,aa,1.415,0,f,756,f,TRUE,160,150,TRUE
178,Male,18.42,9.25,u,1,q,1.21,0,t,1748,f,TRUE,60,540,TRUE
179,Female,20.17,8.17,u,1,aa,1.96,0,t,891,f,TRUE,60,158,TRUE
180,Female,47.67,0.29,u,1,c,15,0,t,1130,f,TRUE,0,15000,TRUE
181,Male,21.25,2.335,u,1,i,0.5,0,t,764,f,FALSE,80,0,TRUE
182,Male,20.67,3,u,1,q,0.165,0,t,1155,f,TRUE,100,6,TRUE
183,Male,57.08,19.5,u,1,c,5.5,0,t,1695,f,TRUE,0,3000,TRUE
184,Male,22.42,5.665,u,1,q,2.585,0,t,1530,f,TRUE,129,3257,TRUE
185,Female,48.75,8.5,u,1,c,12.5,0,t,1129,f,TRUE,181,1655,TRUE
186,Female,40,6.5,u,1,aa,3.5,0,t,1582,f,TRUE,0,500,TRUE
187,Female,40.58,5,u,1,c,5,0,t,978,f,TRUE,0,3065,TRUE
188,Male,28.67,1.04,u,1,c,2.5,0,t,799,t,TRUE,300,1430,TRUE
189,Male,33.08,4.625,u,1,q,1.625,0,t,941,f,TRUE,0,0,TRUE
190,Female,21.33,10.5,u,1,c,3,0,f,1813,t,TRUE,0,0,TRUE
191,Female,42,0.205,u,1,i,5.125,0,f,893,f,TRUE,400,0,TRUE
192,Female,41.75,0.96,u,1,x,2.5,0,f,1211,f,TRUE,510,600,TRUE
193,Female,22.67,1.585,y,0,w,3.085,0,t,1626,f,TRUE,80,0,TRUE
194,Female,34.5,4.04,y,0,i,8.5,0,t,1783,t,TRUE,195,0,TRUE
195,Female,28.25,5.04,y,0,c,1.5,0,t,1771,t,TRUE,144,7,TRUE
196,Female,33.17,3.165,y,0,x,3.165,0,t,736,t,TRUE,380,0,TRUE
197,Female,48.17,7.625,u,1,w,15.5,0,t,1612,f,TRUE,0,790,TRUE
198,Female,27.58,2.04,y,0,aa,2,0,t,1238,t,TRUE,370,560,TRUE
199,Female,22.58,10.04,u,1,x,0.04,0,t,1064,f,TRUE,60,396,TRUE
200,Male,24.08,0.5,u,1,q,1.25,0,t,1749,f,TRUE,0,678,TRUE
201,Male,41.33,1,u,1,i,2.25,0,f,1384,t,TRUE,0,300,TRUE
202,Female,24.83,2.75,u,1,c,2.25,0,t,1439,f,TRUE,?,600,TRUE
203,Male,20.75,10.25,u,1,q,0.71,0,t,1883,t,TRUE,49,0,TRUE
204,Female,36.33,2.125,y,0,w,0.085,0,t,1226,f,TRUE,50,1187,TRUE
205,Male,35.42,12,u,1,q,14,0,t,1485,f,TRUE,0,6590,TRUE
206,Male,71.58,0,?,?,?,0,0,f,1693,f,p,?,0,TRUE
207,Female,28.67,9.335,u,1,q,5.665,0,t,1778,f,TRUE,381,168,TRUE
208,Female,35.17,2.5,u,1,k,4.5,0,t,1478,f,TRUE,150,1270,TRUE
209,Female,39.5,4.25,u,1,c,6.5,0,t,842,f,TRUE,117,1210,TRUE
210,Female,39.33,5.875,u,1,cc,10,0,t,1562,t,TRUE,399,0,TRUE
211,Female,24.33,6.625,y,0,d,5.5,0,f,1709,t,FALSE,100,0,TRUE
212,Female,60.08,14.5,u,1,ff,18,0,t,1722,t,TRUE,0,1000,TRUE
213,Female,23.08,11.5,u,1,i,3.5,0,t,823,f,TRUE,56,742,TRUE
214,Female,26.67,2.71,y,0,cc,5.25,0,t,1620,f,TRUE,211,0,TRUE
215,Female,48.17,3.5,u,1,aa,3.5,0,f,701,f,FALSE,230,0,TRUE
216,Female,41.17,4.04,u,1,cc,7,0,t,992,f,TRUE,320,0,TRUE
217,Female,55.92,11.5,u,1,ff,5,0,t,935,f,TRUE,0,8851,TRUE
218,Female,53.92,9.625,u,1,e,8.665,0,t,1884,f,TRUE,0,0,TRUE
219,Male,18.92,9.25,y,0,c,1,0,t,1336,t,TRUE,80,500,TRUE
220,Male,50.08,12.54,u,1,aa,2.29,0,t,1496,t,TRUE,156,0,TRUE
221,Female,65.42,11,u,1,e,20,0,t,786,t,TRUE,22,0,TRUE
222,Male,17.58,9,u,1,aa,1.375,0,f,1616,t,TRUE,0,0,TRUE
223,Male,18.83,9.54,u,1,aa,0.085,0,f,889,f,TRUE,100,0,TRUE
224,Male,37.75,5.5,u,1,q,0.125,0,f,1839,t,TRUE,228,0,TRUE
225,Female,23.25,4,u,1,c,0.25,0,f,1478,t,TRUE,160,0,TRUE
226,Female,18.08,5.5,u,1,k,0.5,0,f,1293,f,TRUE,80,0,TRUE
227,Male,22.5,8.46,y,0,x,2.46,0,f,1276,f,TRUE,164,0,TRUE
228,Female,19.67,0.375,u,1,q,2,0,t,1274,t,TRUE,80,0,TRUE
229,Female,22.08,11,u,1,cc,0.665,0,f,741,f,TRUE,100,0,TRUE
230,Female,25.17,3.5,u,1,cc,0.625,0,t,895,f,TRUE,0,7059,TRUE
231,Male,47.42,3,u,1,x,13.875,0,t,1067,t,TRUE,519,1704,TRUE
232,Female,33.5,1.75,u,1,x,4.5,0,t,1580,t,TRUE,253,857,TRUE
233,Female,27.67,13.75,u,1,w,5.75,0,f,1567,t,TRUE,487,500,TRUE
234,Male,58.42,21,u,1,i,10,0,t,1448,f,TRUE,0,6700,TRUE
235,Male,20.67,1.835,u,1,q,2.085,0,t,1452,f,TRUE,220,2503,TRUE
236,Female,26.17,0.25,u,1,i,0,0,f,1032,t,TRUE,0,0,TRUE
237,Female,21.33,7.5,u,1,aa,1.415,0,t,1577,f,TRUE,80,9800,TRUE
238,Female,42.83,4.625,u,1,q,4.58,0,f,1710,f,FALSE,0,0,TRUE
239,Female,38.17,10.125,u,1,x,2.5,0,t,1519,f,TRUE,520,196,TRUE
240,Female,20.5,10,y,0,c,2.5,0,f,752,f,FALSE,40,0,TRUE
241,Female,48.25,25.085,u,1,w,1.75,0,t,824,f,TRUE,120,14,TRUE
242,Female,28.33,5,u,1,w,11,0,f,1819,t,TRUE,70,0,TRUE
243,Male,18.75,7.5,u,1,q,2.71,0,t,982,f,TRUE,?,26726,TRUE
244,Female,18.5,2,u,1,i,1.5,0,t,700,f,TRUE,120,300,TRUE
245,Female,33.17,3.04,y,0,c,2.04,0,t,730,t,TRUE,180,18027,TRUE
246,Female,45,8.5,u,1,cc,14,0,t,1706,t,TRUE,88,2000,TRUE
247,Male,19.67,0.21,u,1,q,0.29,0,t,903,f,TRUE,80,99,TRUE
248,?,24.5,12.75,u,1,c,4.75,0,t,1177,f,TRUE,73,444,TRUE
249,Female,21.83,11,u,1,x,0.29,0,t,1168,f,TRUE,121,0,TRUE
250,Female,40.25,21.5,u,1,e,20,0,t,1319,f,TRUE,0,1200,TRUE
251,Female,41.42,5,u,1,q,5,0,t,1169,t,TRUE,470,0,TRUE
252,Male,17.83,11,u,1,x,1,0,t,765,f,TRUE,0,3000,TRUE
253,Female,23.17,11.125,u,1,x,0.46,0,t,1397,f,TRUE,100,0,TRUE
254,Female,?,0.625,u,1,k,0.25,1,f,553,f,TRUE,380,2010,FALSE
255,Female,18.17,10.25,u,1,c,1.085,1,f,29,f,TRUE,320,13,FALSE
256,Female,20,11.045,u,1,c,2,1,f,497,t,TRUE,136,0,FALSE
257,Female,20,0,u,1,d,0.5,1,f,602,f,TRUE,144,0,FALSE
258,Male,20.75,9.54,u,1,i,0.04,1,f,295,f,TRUE,200,1000,FALSE
259,Male,24.5,1.75,y,0,c,0.165,1,f,581,f,TRUE,132,0,FALSE
260,Female,32.75,2.335,u,1,d,5.75,0,f,750,t,TRUE,292,0,FALSE
261,Male,52.17,0,y,0,ff,0,0,f,746,f,TRUE,0,0,FALSE
262,Male,48.17,1.335,u,1,i,0.335,0,f,900,f,TRUE,0,120,FALSE
263,Male,20.42,10.5,y,0,x,0,1,f,498,t,TRUE,154,32,FALSE
264,Female,50.75,0.585,u,1,ff,0,1,f,282,f,TRUE,145,0,FALSE
265,Female,17.08,0.085,y,0,c,0.04,1,f,65,f,TRUE,140,722,FALSE
266,Female,18.33,1.21,y,0,e,0,1,f,373,f,TRUE,100,0,FALSE
267,Male,32,6,u,1,d,1.25,1,f,500,f,TRUE,272,0,FALSE
268,Female,59.67,1.54,u,1,q,0.125,0,f,1497,t,TRUE,260,0,TRUE
269,Female,18,0.165,u,1,q,0.21,0,f,1830,f,TRUE,200,40,TRUE
270,Female,37.58,0,?,?,?,0,0,f,1752,f,p,?,0,TRUE
271,Female,32.33,2.5,u,1,c,1.25,1,f,452,t,TRUE,280,0,FALSE
272,Female,18.08,6.75,y,0,m,0.04,0,f,671,f,TRUE,140,0,FALSE
273,Female,38.25,10.125,y,0,k,0.125,1,f,459,f,TRUE,160,0,FALSE
274,Female,30.67,2.5,u,1,cc,2.25,1,f,615,t,FALSE,340,0,FALSE
275,Female,18.58,5.71,u,1,d,0.54,1,f,558,f,TRUE,120,0,FALSE
276,Male,19.17,5.415,u,1,i,0.29,1,f,396,f,TRUE,80,484,FALSE
277,Male,18.17,10,y,0,q,0.165,1,f,257,f,TRUE,340,0,FALSE
278,Female,24.58,13.5,y,0,ff,0,1,f,329,f,TRUE,?,0,FALSE
279,Female,16.25,0.835,u,1,m,0.085,1,f,266,f,FALSE,200,0,FALSE
280,Female,21.17,0.875,y,0,c,0.25,1,f,31,f,TRUE,280,204,FALSE
281,Female,23.92,0.585,y,0,cc,0.125,1,f,323,f,TRUE,240,1,FALSE
282,Female,17.67,4.46,u,1,c,0.25,1,f,120,f,FALSE,80,0,FALSE
283,Male,16.5,1.25,u,1,q,0.25,0,t,823,f,TRUE,108,98,FALSE
284,Female,23.25,12.625,u,1,c,0.125,1,t,625,f,TRUE,0,5552,FALSE
285,Female,17.58,10,u,1,w,0.165,1,t,465,f,TRUE,120,1,FALSE
286,Male,?,1.5,u,1,ff,0,1,t,376,t,TRUE,200,105,FALSE
287,Female,29.5,0.58,u,1,w,0.29,1,t,517,f,TRUE,340,2803,FALSE
288,Female,18.83,0.415,y,0,c,0.165,1,t,253,f,TRUE,200,1,FALSE
289,Male,21.75,1.75,y,0,j,0,1,f,11,f,TRUE,160,0,FALSE
290,Female,23,0.75,u,1,m,0.5,0,f,814,t,FALSE,320,0,FALSE
291,Male,18.25,10,u,1,w,1,0,t,845,f,TRUE,120,1,FALSE
292,Female,25.42,0.54,u,1,w,0.165,0,t,668,f,TRUE,272,444,FALSE
293,Female,35.75,2.415,u,1,w,0.125,0,t,806,f,TRUE,220,1,FALSE
294,Male,16.08,0.335,u,1,ff,0,0,t,752,f,TRUE,160,126,FALSE
295,Male,31.92,3.125,u,1,ff,3.04,0,t,775,t,TRUE,200,4,FALSE
296,Female,69.17,9,u,1,ff,4,1,t,600,f,TRUE,70,6,FALSE
297,Female,32.92,2.5,u,1,aa,1.75,0,t,740,t,TRUE,720,0,FALSE
298,Female,16.33,2.75,u,1,aa,0.665,1,t,136,f,TRUE,80,21,FALSE
299,Female,22.17,12.125,u,1,c,3.335,0,t,653,t,TRUE,180,173,FALSE
300,Male,57.58,2,u,1,ff,6.5,0,t,823,f,TRUE,0,10,FALSE
301,Female,18.25,0.165,u,1,d,0.25,1,f,468,t,FALSE,280,0,FALSE
302,Female,23.42,1,u,1,c,0.5,1,f,422,t,FALSE,280,0,FALSE
303,Male,15.92,2.875,u,1,q,0.085,1,f,453,f,TRUE,120,0,FALSE
304,Male,24.75,13.665,u,1,q,1.5,1,f,443,f,TRUE,280,1,FALSE
305,Female,48.75,26.335,y,0,ff,0,1,f,197,t,TRUE,0,0,FALSE
306,Female,23.5,2.75,u,1,ff,4.5,1,f,17,f,TRUE,160,25,FALSE
307,Female,18.58,10.29,u,1,ff,0.415,1,f,249,f,TRUE,80,0,FALSE
308,Female,27.75,1.29,u,1,k,0.25,1,f,398,t,FALSE,140,0,FALSE
309,Male,31.75,3,y,0,j,0,1,f,409,f,TRUE,160,20,FALSE
310,Male,24.83,4.5,u,1,w,1,1,f,39,t,TRUE,360,6,FALSE
311,Female,19,1.75,y,0,c,2.335,0,f,885,t,TRUE,112,6,FALSE
312,Male,16.33,0.21,u,1,aa,0.125,1,f,123,f,TRUE,200,1,FALSE
313,Male,18.58,10,u,1,d,0.415,1,f,47,f,TRUE,80,42,FALSE
314,Female,16.25,0,y,0,aa,0.25,1,f,490,f,TRUE,60,0,FALSE
315,Female,23,0.75,u,1,m,0.5,0,f,758,t,FALSE,320,0,FALSE
316,Female,21.17,0.25,y,0,c,0.25,0,f,672,f,TRUE,280,204,FALSE
317,Female,17.5,22,l,11,ff,0,0,f,1444,t,p,450,100000,TRUE
318,Female,19.17,0,y,0,m,0,0,f,974,t,FALSE,500,1,TRUE
319,Female,36.75,0.125,y,0,c,1.5,0,f,751,t,TRUE,232,113,TRUE
320,Female,21.25,1.5,u,1,w,1.5,0,f,1598,f,TRUE,150,8,TRUE
321,Male,18.08,0.375,l,11,cc,10,0,f,730,t,FALSE,300,0,TRUE
322,Male,33.67,0.375,u,1,cc,0.375,0,f,1387,f,TRUE,300,44,TRUE
323,Female,48.58,0.205,y,0,k,0.25,0,t,1595,f,TRUE,380,2732,TRUE
324,Female,33.67,1.25,u,1,w,1.165,1,f,614,f,TRUE,120,0,FALSE
325,Male,29.5,1.085,y,0,x,1,1,f,97,f,TRUE,280,13,FALSE
326,Female,30.17,1.085,y,0,c,0.04,1,f,275,f,TRUE,170,179,FALSE
327,?,40.83,3.5,u,1,i,0.5,0,f,651,f,FALSE,1160,0,FALSE
328,Female,34.83,2.5,y,0,w,3,0,f,831,f,FALSE,200,0,FALSE
329,Female,?,4,y,0,i,0.085,1,f,180,t,TRUE,411,0,FALSE
330,Female,20.42,0,?,?,?,0,1,f,498,f,p,?,0,FALSE
331,Male,33.25,2.5,y,0,c,2.5,1,f,223,t,TRUE,0,2,FALSE
332,Female,34.08,2.5,u,1,c,1,1,f,377,f,TRUE,460,16,FALSE
333,Male,25.25,12.5,u,1,d,1,0,f,653,t,TRUE,180,1062,FALSE
334,Female,34.75,2.5,u,1,cc,0.5,1,f,217,f,TRUE,348,0,FALSE
335,Female,27.67,0.75,u,1,q,0.165,0,f,864,t,TRUE,220,251,FALSE
336,Female,47.33,6.5,u,1,c,1,0,f,796,t,TRUE,0,228,FALSE
337,Male,34.83,1.25,y,0,i,0.5,1,f,321,t,TRUE,160,0,FALSE
338,Male,33.25,3,y,0,aa,2,0,f,870,f,TRUE,180,0,FALSE
339,Female,28,3,u,1,w,0.75,1,f,224,t,TRUE,300,67,FALSE
340,Male,39.08,4,u,1,c,3,0,f,687,f,TRUE,480,0,FALSE
341,Female,42.75,4.085,u,1,aa,0.04,1,f,64,f,TRUE,108,100,FALSE
342,Female,26.92,2.25,u,1,i,0.5,1,f,423,t,TRUE,640,4000,FALSE
343,Female,33.75,2.75,u,1,i,0,1,f,130,f,TRUE,180,0,FALSE
344,Female,38.92,1.75,u,1,k,0.5,1,f,505,t,TRUE,300,2,FALSE
345,Female,62.75,7,u,1,e,0,1,f,319,f,TRUE,0,12,FALSE
346,?,32.25,1.5,u,1,c,0.25,1,f,538,t,TRUE,372,122,FALSE
347,Female,26.75,4.5,y,0,c,2.5,1,f,431,f,TRUE,200,1210,FALSE
348,Female,63.33,0.54,u,1,c,0.585,1,t,165,t,TRUE,180,0,FALSE
349,Female,27.83,1.5,u,1,w,2.25,0,t,773,t,TRUE,100,3,FALSE
350,Male,26.17,2,u,1,j,0,1,f,97,t,TRUE,276,1,FALSE
351,Female,22.17,0.585,y,0,ff,0,1,f,180,f,TRUE,100,0,FALSE
352,Female,22.5,11.5,y,0,m,1.5,1,f,618,t,TRUE,0,4000,FALSE
353,Female,30.75,1.585,u,1,d,0.585,1,f,71,t,FALSE,0,0,FALSE
354,Female,36.67,2,u,1,i,0.25,0,f,720,t,TRUE,221,0,FALSE
355,Male,16,0.165,u,1,aa,1,1,t,46,t,TRUE,320,1,FALSE
356,Female,41.17,1.335,u,1,d,0.165,0,f,844,f,TRUE,168,0,FALSE
357,Male,19.5,0.165,u,1,q,0.04,1,f,180,t,TRUE,380,0,FALSE
358,Female,32.42,3,u,1,d,0.165,0,f,670,t,TRUE,120,0,FALSE
359,Male,36.75,4.71,u,1,ff,0,1,f,19,f,TRUE,160,0,FALSE
360,Male,30.25,5.5,u,1,k,5.5,1,f,384,t,FALSE,100,0,FALSE
361,Female,23.08,2.5,u,1,ff,0.085,1,f,524,t,TRUE,100,4208,FALSE
362,Female,26.83,0.54,u,1,k,0,1,f,52,f,TRUE,100,0,FALSE
363,Female,16.92,0.335,y,0,k,0.29,0,f,754,f,FALSE,200,0,FALSE
364,Female,24.42,2,u,1,e,0.165,1,t,575,f,TRUE,320,1300,FALSE
365,Female,42.83,1.25,u,1,m,13.875,1,t,253,t,TRUE,352,112,FALSE
366,Male,22.75,6.165,u,1,aa,0.165,1,f,393,f,TRUE,220,1000,FALSE
367,Female,39.42,1.71,y,0,m,0.165,0,f,900,f,FALSE,400,0,FALSE
368,Male,23.58,11.5,y,0,k,3,1,f,433,t,TRUE,20,16,FALSE
369,Female,21.42,0.75,y,0,r,0.75,1,f,269,t,TRUE,132,2,FALSE
370,Female,33,2.5,y,0,w,7,1,f,597,t,TRUE,280,0,FALSE
371,Female,26.33,13,u,1,e,0,1,f,148,t,TRUE,140,1110,FALSE
372,Male,45,4.585,u,1,k,1,1,f,149,t,FALSE,240,0,FALSE
373,Female,26.25,1.54,u,1,w,0.125,0,f,797,f,TRUE,100,0,FALSE
374,?,28.17,0.585,u,1,aa,0.04,1,f,94,f,TRUE,260,1004,FALSE
375,Male,20.83,0.5,y,0,e,1,0,f,797,f,TRUE,260,0,FALSE
376,Female,28.67,14.5,u,1,d,0.125,1,f,0,f,TRUE,0,286,FALSE
377,Female,20.67,0.835,y,0,c,2,1,f,179,t,FALSE,240,0,FALSE
378,Female,34.42,1.335,u,1,i,0.125,1,f,434,t,TRUE,440,4500,FALSE
379,Female,33.58,0.25,u,1,i,4,1,f,595,t,FALSE,420,0,FALSE
380,Female,43.17,5,u,1,i,2.25,1,f,571,t,TRUE,141,0,FALSE
381,Male,22.67,7,u,1,c,0.165,0,f,706,f,TRUE,160,0,FALSE
382,Male,24.33,2.5,y,0,i,4.5,1,f,36,f,TRUE,200,456,FALSE
383,Male,56.83,4.25,y,0,ff,5,1,f,368,t,TRUE,0,4,FALSE
384,Female,22.08,11.46,u,1,k,1.585,1,f,529,t,TRUE,100,1212,FALSE
385,Female,34,5.5,y,0,c,1.5,0,f,731,t,TRUE,60,0,FALSE
386,Female,22.58,1.5,y,0,aa,0.54,1,f,392,t,TRUE,120,67,FALSE
387,Female,21.17,0,u,1,c,0.5,1,f,317,t,FALSE,0,0,FALSE
388,Female,26.67,14.585,u,1,i,0,0,f,874,t,TRUE,178,0,FALSE
389,Female,22.92,0.17,u,1,m,0.085,1,f,397,f,FALSE,0,0,FALSE
390,Female,15.17,7,u,1,e,1,1,f,178,f,TRUE,600,0,FALSE
391,Female,39.92,5,u,1,i,0.21,1,f,150,f,TRUE,550,0,FALSE
392,Female,27.42,12.5,u,1,aa,0.25,1,f,48,t,TRUE,720,0,FALSE
393,Female,24.75,0.54,u,1,m,1,0,f,790,t,TRUE,120,1,FALSE
394,Female,41.17,1.25,y,0,w,0.25,0,f,899,f,TRUE,0,195,FALSE
395,Male,33.08,1.625,u,1,d,0.54,1,f,233,t,TRUE,0,0,FALSE
396,Female,29.83,2.04,y,0,x,0.04,1,f,634,f,TRUE,128,1,FALSE
397,Male,23.58,0.585,y,0,ff,0.125,1,f,236,f,TRUE,120,87,FALSE
398,Female,26.17,12.5,y,0,k,1.25,1,f,69,t,TRUE,0,17,FALSE
399,Female,31,2.085,u,1,c,0.085,1,f,159,f,TRUE,300,0,FALSE
400,Female,20.75,5.085,y,0,j,0.29,1,f,164,f,TRUE,140,184,FALSE
401,Female,28.92,0.375,u,1,c,0.29,1,f,543,f,TRUE,220,140,FALSE
402,Male,51.92,6.5,u,1,i,3.085,1,f,16,t,TRUE,73,0,FALSE
403,Male,22.67,0.335,u,1,q,0.75,1,f,544,f,FALSE,160,0,FALSE
404,Female,34,5.085,y,0,i,1.085,0,f,776,t,TRUE,480,0,FALSE
405,Male,69.5,6,u,1,ff,0,1,f,551,f,FALSE,0,0,FALSE
406,Male,40.33,8.125,y,0,k,0.165,1,t,292,f,TRUE,?,18,FALSE
407,Male,19.58,0.665,y,0,c,1,1,t,341,f,TRUE,2000,2,FALSE
408,Female,16,3.125,u,1,w,0.085,1,t,334,f,TRUE,0,6,FALSE
409,Female,17.08,0.25,u,1,q,0.335,0,t,900,f,TRUE,160,8,FALSE
410,Female,31.25,2.835,u,1,ff,0,0,t,878,f,TRUE,176,146,FALSE
411,Female,25.17,3,u,1,c,1.25,1,t,639,f,TRUE,0,22,FALSE
412,Male,22.67,0.79,u,1,i,0.085,1,f,461,f,TRUE,144,0,FALSE
413,Female,40.58,1.5,u,1,i,0,1,f,54,f,FALSE,300,0,FALSE
414,Female,22.25,0.46,u,1,k,0.125,0,f,802,t,TRUE,280,55,FALSE
415,Male,22.25,1.25,y,0,ff,3.25,1,f,98,f,TRUE,280,0,FALSE
416,Female,22.5,0.125,y,0,k,0.125,1,f,37,f,TRUE,200,70,FALSE
417,Female,23.58,1.79,u,1,c,0.54,0,f,865,t,TRUE,136,1,FALSE
418,Female,38.42,0.705,u,1,c,0.375,1,t,501,f,TRUE,225,500,FALSE
419,Male,26.58,2.54,y,0,ff,0,0,f,792,t,TRUE,180,60,FALSE
420,Female,35,2.5,u,1,i,1,0,f,733,t,TRUE,210,0,FALSE
421,Female,20.42,1.085,u,1,q,1.5,1,f,422,f,TRUE,108,7,FALSE
422,Female,29.42,1.25,u,1,w,1.75,1,f,494,f,TRUE,200,0,FALSE
423,Female,26.17,0.835,u,1,cc,1.165,1,f,603,f,TRUE,100,0,FALSE
424,Female,33.67,2.165,u,1,c,1.5,1,f,513,f,p,120,0,FALSE
425,Female,24.58,1.25,u,1,c,0.25,0,f,888,f,TRUE,110,0,FALSE
426,Male,27.67,2.04,u,1,w,0.25,0,f,724,t,TRUE,180,50,FALSE
427,Female,37.5,0.835,u,1,e,0.04,1,f,93,f,TRUE,120,5,FALSE
428,Female,49.17,2.29,u,1,ff,0.29,0,f,738,f,TRUE,200,3,FALSE
429,Female,33.58,0.335,y,0,cc,0.085,1,f,451,f,TRUE,180,0,FALSE
430,Female,51.83,3,y,0,ff,1.5,1,f,134,f,TRUE,180,4,FALSE
431,Female,22.92,3.165,y,0,c,0.165,1,f,500,f,TRUE,160,1058,FALSE
432,Female,21.83,1.54,u,1,k,0.085,1,f,185,t,TRUE,356,0,FALSE
433,Female,25.25,1,u,1,aa,0.5,1,f,75,f,TRUE,200,0,FALSE
434,Female,58.58,2.71,u,1,c,2.415,1,f,0,t,TRUE,320,0,FALSE
435,Female,19,0,y,0,ff,0,1,t,70,f,TRUE,45,1,FALSE
436,Female,19.58,0.585,u,1,ff,0,1,t,180,f,TRUE,350,769,FALSE
437,Male,53.33,0.165,u,1,ff,0,1,f,323,t,FALSE,62,27,FALSE
438,Male,27.17,1.25,u,1,ff,0,1,t,215,f,TRUE,92,300,FALSE
439,Female,25.92,0.875,u,1,k,0.375,1,t,13,t,TRUE,174,3,FALSE
440,Female,23.08,0,u,1,k,1,0,t,691,f,FALSE,0,0,FALSE
441,Female,39.58,5,u,1,ff,0,1,t,550,f,TRUE,17,1,FALSE
442,Female,30.58,2.71,y,0,m,0.125,1,f,315,t,FALSE,80,0,FALSE
443,Female,17.25,3,u,1,k,0.04,1,f,326,t,TRUE,160,40,FALSE
444,Male,17.67,0,y,0,j,0,1,f,225,f,TRUE,86,0,FALSE
445,Male,?,11.25,u,1,ff,0,0,f,822,f,TRUE,?,5200,FALSE
446,Female,16.5,0.125,u,1,c,0.165,0,f,784,f,TRUE,132,0,FALSE
447,Male,27.33,1.665,u,1,ff,0,1,f,228,f,TRUE,340,1,FALSE
448,Female,31.25,1.125,u,1,ff,0,0,t,807,f,TRUE,96,19,FALSE
449,Female,20,7,u,1,c,0.5,1,f,628,f,TRUE,0,0,FALSE
450,Female,?,3,y,0,i,7,0,f,743,f,TRUE,0,1,FALSE
451,Female,39.5,1.625,u,1,c,1.5,0,f,696,f,TRUE,0,316,FALSE
452,Female,36.5,4.25,u,1,q,3.5,1,f,140,f,TRUE,454,50,FALSE
453,?,29.75,0.665,u,1,w,0.25,0,f,841,t,TRUE,300,0,FALSE
454,Female,52.42,1.5,u,1,d,3.75,1,f,497,t,TRUE,0,350,FALSE
455,Female,36.17,18.125,u,1,w,0.085,0,f,678,f,TRUE,320,3552,FALSE
456,Female,34.58,0,?,?,?,0,1,f,235,f,p,?,0,FALSE
457,Female,29.67,0.75,y,0,c,0.04,1,f,258,f,TRUE,240,0,FALSE
458,Female,36.17,5.5,u,1,i,5,0,f,890,f,TRUE,210,687,FALSE
459,Female,25.67,0.29,y,0,c,1.5,1,f,328,t,TRUE,160,0,FALSE
460,Male,24.5,2.415,y,0,c,0,0,f,838,f,TRUE,120,0,FALSE
461,Female,24.08,0.875,u,1,m,0.085,0,t,659,f,TRUE,254,1950,FALSE
462,Female,21.92,0.5,u,1,c,0.125,1,f,141,f,TRUE,360,0,FALSE
463,Male,36.58,0.29,u,1,ff,0,0,t,849,f,TRUE,200,18,FALSE
464,Male,23,1.835,u,1,j,0,1,t,138,f,TRUE,200,53,FALSE
465,Male,27.58,3,u,1,m,2.79,1,t,417,t,TRUE,280,10,FALSE
466,Female,31.08,3.085,u,1,c,2.5,1,t,414,t,TRUE,160,41,FALSE
467,Male,30.42,1.375,u,1,w,0.04,1,t,355,f,TRUE,0,33,FALSE
468,Female,22.08,2.335,u,1,k,0.75,1,f,177,f,TRUE,180,0,FALSE
469,Female,16.33,4.085,u,1,i,0.415,1,f,297,t,TRUE,120,0,FALSE
470,Male,21.92,11.665,u,1,k,0.085,0,f,786,f,TRUE,320,5,FALSE
471,Female,21.08,4.125,y,0,i,0.04,1,f,283,f,TRUE,140,100,FALSE
472,Female,17.42,6.5,u,1,i,0.125,1,f,546,f,TRUE,60,100,FALSE
473,Female,19.17,4,y,0,i,1,1,f,638,t,TRUE,360,1000,FALSE
474,Female,20.67,0.415,u,1,c,0.125,1,f,426,f,TRUE,0,44,FALSE
475,Female,26.75,2,u,1,d,0.75,0,f,774,t,TRUE,80,0,FALSE
476,Female,23.58,0.835,u,1,i,0.085,1,f,193,t,TRUE,220,5,FALSE
477,Female,39.17,2.5,y,0,i,10,1,f,121,t,FALSE,200,0,FALSE
478,Female,22.75,11.5,u,1,i,0.415,1,f,346,f,TRUE,0,0,FALSE
479,?,26.5,2.71,y,0,?,0.085,0,f,801,f,FALSE,80,0,FALSE
480,Male,16.92,0.5,u,1,i,0.165,1,t,253,t,TRUE,240,35,FALSE
481,Female,23.5,3.165,y,0,k,0.415,0,t,896,t,TRUE,280,80,FALSE
482,Male,17.33,9.5,u,1,aa,1.75,1,t,50,t,TRUE,0,10,FALSE
483,Female,23.75,0.415,y,0,c,0.04,1,t,140,f,TRUE,128,6,FALSE
484,Female,34.67,1.08,u,1,m,1.165,0,f,782,f,FALSE,28,0,FALSE
485,Female,74.83,19,y,0,ff,0.04,1,t,564,f,TRUE,0,351,FALSE
486,Female,28.17,0.125,y,0,k,0.085,1,f,318,f,TRUE,216,2100,FALSE
487,Female,24.5,13.335,y,0,aa,0.04,0,f,821,t,TRUE,120,475,FALSE
488,Female,18.83,3.54,y,0,ff,0,0,f,729,t,TRUE,180,1,FALSE
489,?,45.33,1,u,1,q,0.125,1,f,405,t,TRUE,263,0,FALSE
490,Male,47.25,0.75,u,1,q,2.75,0,t,1775,f,TRUE,333,892,TRUE
491,Female,24.17,0.875,u,1,q,4.625,0,t,1734,t,TRUE,520,2000,TRUE
492,Female,39.25,9.5,u,1,m,6.5,0,t,1668,f,TRUE,240,4607,TRUE
493,Male,20.5,11.835,u,1,c,6,0,f,1072,f,TRUE,340,0,TRUE
494,Male,18.83,4.415,y,0,c,3,0,f,1488,f,TRUE,240,0,TRUE
495,Female,19.17,9.5,u,1,w,1.5,0,f,1391,f,TRUE,120,2206,TRUE
496,Male,25,0.875,u,1,x,1.04,0,f,890,t,TRUE,160,5860,TRUE
497,Female,20.17,9.25,u,1,c,1.665,0,t,1611,t,TRUE,40,28,TRUE
498,Female,25.75,0.5,u,1,c,1.46,0,t,1592,t,TRUE,312,0,TRUE
499,Female,20.42,7,u,1,c,1.625,0,t,1388,f,TRUE,200,1391,TRUE
500,Female,?,4,u,1,x,5,0,t,1096,t,TRUE,290,2279,TRUE
501,Female,39,5,u,1,cc,3.5,0,t,1131,t,TRUE,0,0,TRUE
502,Male,64.08,0.165,u,1,ff,0,0,t,924,f,TRUE,232,100,TRUE
503,Female,28.25,5.125,u,1,x,4.75,0,t,902,f,TRUE,420,7,TRUE
504,Male,28.75,3.75,u,1,c,1.085,0,t,838,t,TRUE,371,0,TRUE
505,Female,31.33,19.5,u,1,c,7,0,t,1079,f,TRUE,0,5000,TRUE
506,Male,18.92,9,u,1,aa,0.75,0,t,814,f,TRUE,88,591,TRUE
507,Male,24.75,3,u,1,q,1.835,0,t,1384,f,TRUE,0,500,TRUE
508,Male,30.67,12,u,1,c,2,0,t,1617,f,TRUE,220,19,TRUE
509,Female,21,4.79,y,0,w,2.25,0,t,1568,t,TRUE,80,300,TRUE
510,Female,13.75,4,y,0,w,1.75,0,t,1865,t,TRUE,120,1000,TRUE
511,Male,46,4,u,1,j,0,0,f,1868,f,TRUE,100,960,TRUE
512,Male,44.33,0,u,1,c,2.5,0,f,1814,f,TRUE,0,0,TRUE
513,Female,20.25,9.96,u,1,e,0,0,f,975,f,TRUE,0,0,TRUE
514,Female,22.67,2.54,y,0,c,2.585,0,f,1867,f,TRUE,0,0,TRUE
515,Female,?,10.5,u,1,x,6.5,0,f,828,f,TRUE,0,0,TRUE
516,Male,60.92,5,u,1,aa,4,0,t,1727,f,TRUE,0,99,TRUE
517,Female,16.08,0.75,u,1,c,1.75,0,t,1549,t,TRUE,352,690,TRUE
518,Male,28.17,0.375,u,1,q,0.585,0,t,981,f,TRUE,80,0,TRUE
519,Female,39.17,1.71,u,1,x,0.125,0,t,1802,t,TRUE,480,0,TRUE
520,?,20.42,7.5,u,1,k,1.5,0,t,1751,f,TRUE,160,234,TRUE
521,Male,30,5.29,u,1,e,2.25,0,t,1681,t,TRUE,99,500,TRUE
522,Female,22.83,3,u,1,m,1.29,0,t,1014,f,TRUE,260,800,TRUE
523,Male,22.5,8.5,u,1,q,1.75,1,t,438,f,TRUE,80,990,FALSE
524,Male,28.58,1.665,u,1,q,2.415,0,f,701,t,TRUE,440,0,FALSE
525,Female,45.17,1.5,u,1,c,2.5,1,f,448,t,TRUE,140,0,FALSE
526,Female,41.58,1.75,u,1,k,0.21,1,f,425,f,TRUE,160,0,FALSE
527,Male,57.08,0.335,u,1,i,1,1,f,125,t,TRUE,252,2197,FALSE
528,Male,55.75,7.08,u,1,k,6.75,0,t,772,t,TRUE,100,50,FALSE
529,Female,43.25,25.21,u,1,q,0.21,1,t,568,f,TRUE,760,90,FALSE
530,Male,25.33,2.085,u,1,c,2.75,1,f,424,t,TRUE,360,1,FALSE
531,Male,24.58,0.67,u,1,aa,1.75,0,f,665,f,TRUE,400,0,FALSE
532,Female,43.17,2.25,u,1,i,0.75,1,f,360,f,TRUE,560,0,FALSE
533,Female,40.92,0.835,u,1,ff,0,1,f,263,f,TRUE,130,1,FALSE
534,Female,31.83,2.5,u,1,aa,7.5,1,f,124,t,TRUE,523,0,FALSE
535,Male,33.92,1.585,y,0,ff,0,0,f,793,f,TRUE,320,0,FALSE
536,Male,24.92,1.25,u,1,ff,0,1,f,144,f,TRUE,80,0,FALSE
537,Female,35.25,3.165,u,1,x,3.75,0,f,823,t,TRUE,680,0,FALSE
538,Female,34.25,1.75,u,1,w,0.25,1,f,483,t,TRUE,163,0,FALSE
539,Female,80.25,5.5,u,1,?,0.54,1,f,437,f,TRUE,0,340,FALSE
540,Female,19.42,1.5,y,0,cc,2,0,f,775,t,TRUE,100,20,FALSE
541,Female,42.75,3,u,1,i,1,1,f,634,f,TRUE,0,200,FALSE
542,Female,19.67,10,y,0,k,0.835,1,f,373,t,TRUE,140,0,FALSE
543,Female,36.33,3.79,u,1,w,1.165,0,f,875,t,TRUE,200,0,FALSE
544,Female,30.08,1.04,y,0,i,0.5,0,t,722,t,TRUE,132,28,FALSE
545,Female,44.25,11,y,0,d,1.5,0,f,718,f,FALSE,0,0,FALSE
546,Female,23.58,0.46,y,0,w,2.625,1,t,130,t,TRUE,208,347,FALSE
547,Female,23.92,1.5,u,1,d,1.875,0,t,1378,f,TRUE,200,327,TRUE
548,Female,33.17,1,u,1,x,0.75,0,t,922,t,TRUE,340,4071,TRUE
549,Female,48.33,12,u,1,m,16,0,f,1019,f,FALSE,110,0,TRUE
550,Female,76.75,22.29,u,1,e,12.75,0,t,797,t,TRUE,0,109,TRUE
551,Female,51.33,10,u,1,i,0,0,t,1026,f,TRUE,0,1249,TRUE
552,Female,34.75,15,u,1,r,5.375,0,t,1225,t,TRUE,0,134,TRUE
553,Female,38.58,3.335,u,1,w,4,0,t,1497,f,TRUE,383,1344,TRUE
554,Male,22.42,11.25,y,0,x,0.75,0,t,708,f,TRUE,0,321,TRUE
555,Female,41.92,0.42,u,1,c,0.21,0,t,746,f,TRUE,220,948,TRUE
556,Female,29.58,4.5,u,1,w,7.5,0,t,1500,t,TRUE,330,0,TRUE
557,Male,32.17,1.46,u,1,w,1.085,0,t,1726,f,TRUE,120,2079,TRUE
558,Female,51.42,0.04,u,1,x,0.04,0,f,1429,f,TRUE,0,3000,TRUE
559,Male,22.83,2.29,u,1,q,2.29,0,t,1016,t,TRUE,140,2384,TRUE
560,Male,25,12.33,u,1,cc,3.5,0,t,1415,f,TRUE,400,458,TRUE
561,Female,26.75,1.125,u,1,x,1.25,0,f,1403,f,TRUE,0,5298,TRUE
562,Female,23.33,1.5,u,1,c,1.415,0,f,1536,f,TRUE,422,200,TRUE
563,Female,24.42,12.335,u,1,q,1.585,0,f,1137,t,TRUE,120,0,TRUE
564,Female,42.17,5.04,u,1,q,12.75,0,f,1551,t,TRUE,92,0,TRUE
565,Male,20.83,3,u,1,aa,0.04,0,f,1742,f,TRUE,100,0,TRUE
566,Female,23.08,11.5,u,1,w,2.125,0,t,988,t,TRUE,290,284,TRUE
567,Male,25.17,2.875,u,1,x,0.875,0,f,761,f,TRUE,360,0,TRUE
568,Female,43.08,0.375,y,0,c,0.375,0,t,1753,t,TRUE,300,162,TRUE
569,Male,35.75,0.915,u,1,aa,0.75,0,t,1794,f,TRUE,0,1583,TRUE
570,Female,59.5,2.75,u,1,w,1.75,0,t,766,t,TRUE,60,58,TRUE
571,Female,21,3,y,0,d,1.085,0,t,1813,t,TRUE,160,1,TRUE
572,Female,21.92,0.54,y,0,x,0.04,0,t,877,t,TRUE,840,59,TRUE
573,Male,65.17,14,u,1,ff,0,0,t,708,t,TRUE,0,1400,TRUE
574,Male,20.33,10,u,1,c,1,0,t,1361,f,TRUE,50,1465,TRUE
575,Female,32.25,0.165,y,0,c,3.25,0,t,1561,t,TRUE,432,8000,TRUE
576,Female,30.17,0.5,u,1,c,1.75,0,t,776,f,TRUE,32,540,TRUE
577,Female,25.17,6,u,1,c,1,0,t,1243,f,TRUE,0,0,TRUE
578,Female,39.17,1.625,u,1,c,1.5,0,t,1544,f,TRUE,186,4700,TRUE
579,Female,39.08,6,u,1,m,1.29,0,t,1829,t,TRUE,108,1097,TRUE
580,Female,31.67,0.83,u,1,x,1.335,0,t,1505,t,TRUE,303,3290,TRUE
581,Female,41,0.04,u,1,e,0.04,0,t,1900,f,FALSE,560,0,TRUE
582,Female,48.5,4.25,u,1,m,0.125,0,f,1299,t,TRUE,225,0,TRUE
583,Female,32.67,9,y,0,w,5.25,0,f,1110,t,TRUE,154,0,TRUE
584,Male,28.08,15,y,0,e,0,0,f,1101,f,TRUE,0,13212,TRUE
585,Female,73.42,17.75,u,1,ff,0,0,f,701,t,TRUE,0,0,TRUE
586,Female,64.08,20,u,1,x,17.5,0,t,1533,t,TRUE,0,1000,TRUE
587,Female,51.58,15,u,1,c,8.5,0,t,1611,f,TRUE,0,0,TRUE
588,Female,26.67,1.75,y,0,c,1,0,t,1844,t,TRUE,160,5777,TRUE
589,Female,25.33,0.58,u,1,c,0.29,0,t,780,t,TRUE,96,5124,TRUE
590,Female,30.17,6.5,u,1,cc,3.125,0,t,1022,f,TRUE,330,1200,TRUE
591,Female,27,0.75,u,1,c,4.25,0,t,1207,t,TRUE,312,150,TRUE
592,Female,23.17,0,?,?,?,0,0,f,1348,f,p,?,0,TRUE
593,Female,34.17,5.25,u,1,w,0.085,0,f,1602,t,TRUE,290,6,TRUE
594,Female,38.67,0.21,u,1,k,0.085,0,f,728,t,TRUE,280,0,TRUE
595,Female,25.75,0.75,u,1,c,0.25,0,f,1663,f,TRUE,349,23,TRUE
596,Male,46.08,3,u,1,c,2.375,0,t,1181,t,TRUE,396,4159,TRUE
597,Male,21.5,6,u,1,aa,2.5,0,t,866,f,TRUE,80,918,TRUE
598,?,20.08,0.125,u,1,q,1,0,t,854,f,TRUE,240,768,TRUE
599,Female,20.5,2.415,u,1,c,2,0,t,1239,t,TRUE,200,3000,TRUE
600,Male,29.5,0.46,u,1,k,0.54,0,t,1087,f,TRUE,380,500,TRUE
601,?,42.25,1.75,y,0,?,0,0,f,865,t,TRUE,150,1,FALSE
602,Female,29.83,1.25,y,0,k,0.25,1,f,460,f,TRUE,224,0,FALSE
603,Female,20.08,0.25,u,1,q,0.125,0,f,667,f,TRUE,200,0,FALSE
604,Female,23.42,0.585,u,1,c,0.085,1,f,422,f,TRUE,180,0,FALSE
605,Male,29.58,1.75,y,0,k,1.25,1,f,630,t,TRUE,280,0,FALSE
606,Female,16.17,0.04,u,1,c,0.04,0,f,1602,f,TRUE,0,0,TRUE
607,Female,32.33,3.5,u,1,k,0.5,1,f,387,t,TRUE,232,0,FALSE
608,Female,?,0.04,y,0,d,4.25,0,f,781,t,TRUE,460,0,FALSE
609,Female,47.83,4.165,u,1,x,0.085,0,f,741,t,TRUE,520,0,FALSE
610,Female,20,1.25,y,0,k,0.125,1,f,41,f,TRUE,140,4,FALSE
611,Female,27.58,3.25,y,0,q,5.085,1,t,44,t,TRUE,369,1,FALSE
612,Female,22,0.79,u,1,w,0.29,0,t,858,f,TRUE,420,283,FALSE
613,Female,19.33,10.915,u,1,c,0.585,1,t,110,t,TRUE,200,7,FALSE
614,Male,38.33,4.415,u,1,c,0.125,1,f,610,f,TRUE,160,0,FALSE
615,Female,29.42,1.25,u,1,c,0.25,0,t,900,t,TRUE,400,108,FALSE
616,Female,22.67,0.75,u,1,i,1.585,1,t,141,t,TRUE,400,9,FALSE
617,Female,32.25,14,y,0,ff,0,1,t,491,f,TRUE,160,1,FALSE
618,Female,29.58,4.75,u,1,m,2,1,t,122,t,TRUE,460,68,FALSE
619,Female,18.42,10.415,y,0,aa,0.125,1,f,509,f,TRUE,120,375,FALSE
620,Female,22.17,2.25,u,1,i,0.125,1,f,625,f,TRUE,160,10,FALSE
621,Female,22.67,0.165,u,1,c,2.25,0,f,1296,t,FALSE,0,0,TRUE
622,Male,25.58,0,?,?,?,0,0,f,708,f,p,?,0,TRUE
623,Female,18.83,0,u,1,q,0.665,1,f,364,f,TRUE,160,1,FALSE
624,Female,21.58,0.79,y,0,cc,0.665,0,f,751,f,TRUE,160,0,FALSE
625,Female,23.75,12,u,1,c,2.085,1,f,430,f,FALSE,80,0,FALSE
626,Female,22,7.835,y,0,i,0.165,0,f,812,t,TRUE,?,0,FALSE
627,Female,36.08,2.54,u,1,ff,0,1,f,171,f,TRUE,0,1000,FALSE
628,Female,29.25,13,u,1,d,0.5,1,f,334,f,TRUE,228,0,FALSE
629,Male,19.58,0.665,u,1,w,1.665,1,f,159,f,TRUE,220,5,FALSE
630,Male,22.92,1.25,u,1,q,0.25,1,f,45,t,TRUE,120,809,FALSE
631,Male,27.25,0.29,u,1,m,0.125,0,t,785,t,TRUE,272,108,FALSE
632,Male,38.75,1.5,u,1,ff,0,1,f,614,f,TRUE,76,0,FALSE
633,Female,32.42,2.165,y,0,k,0,1,f,549,f,TRUE,120,0,FALSE
634,Male,23.75,0.71,u,1,w,0.25,1,t,511,t,TRUE,240,4,FALSE
635,Female,18.17,2.46,u,1,c,0.96,1,t,177,t,TRUE,160,587,FALSE
636,Female,40.92,0.5,y,0,m,0.5,1,f,496,t,TRUE,130,0,FALSE
637,Female,19.5,9.585,u,1,aa,0.79,0,f,885,f,TRUE,80,350,FALSE
638,Female,28.58,3.625,u,1,aa,0.25,1,f,390,t,TRUE,100,0,FALSE
639,Female,35.58,0.75,u,1,k,1.5,1,f,495,t,TRUE,231,0,FALSE
640,Female,34.17,2.75,u,1,i,2.5,1,f,309,t,TRUE,232,200,FALSE
641,?,33.17,2.25,y,0,cc,3.5,1,f,330,t,TRUE,200,141,FALSE
642,Female,31.58,0.75,y,0,aa,3.5,0,f,674,t,TRUE,320,0,FALSE
643,Male,52.5,7,u,1,aa,3,1,f,50,f,TRUE,0,0,FALSE
644,Female,36.17,0.42,y,0,w,0.29,1,f,268,t,TRUE,309,2,FALSE
645,Female,37.33,2.665,u,1,cc,0.165,0,f,652,t,TRUE,0,501,FALSE
646,Male,20.83,8.5,u,1,c,0.165,0,f,800,f,TRUE,0,351,FALSE
647,Female,24.08,9,u,1,aa,0.25,1,f,617,t,TRUE,0,0,FALSE
648,Female,25.58,0.335,u,1,k,3.5,1,f,62,t,TRUE,340,0,FALSE
649,Male,35.17,3.75,u,1,ff,0,0,t,789,f,TRUE,0,200,FALSE
650,Female,48.08,3.75,u,1,i,1,1,f,36,f,TRUE,100,2,FALSE
651,Male,15.83,7.625,u,1,q,0.125,1,t,74,t,TRUE,0,160,FALSE
652,Male,22.5,0.415,u,1,i,0.335,0,f,882,t,FALSE,144,0,FALSE
653,Female,21.5,11.5,u,1,i,0.5,1,f,80,t,TRUE,100,68,FALSE
654,Male,23.58,0.83,u,1,q,0.415,1,t,13,t,TRUE,200,11,FALSE
655,Male,21.08,5,y,0,ff,0,1,f,223,f,TRUE,0,0,FALSE
656,Female,25.67,3.25,u,1,c,2.29,1,t,378,t,TRUE,416,21,FALSE
657,Male,38.92,1.665,u,1,aa,0.25,0,f,670,f,TRUE,0,390,FALSE
658,Male,15.75,0.375,u,1,c,1,0,f,682,f,TRUE,120,18,FALSE
659,Male,28.58,3.75,u,1,c,0.25,1,t,580,t,TRUE,40,154,FALSE
660,Female,22.25,9,u,1,aa,0.085,1,f,564,f,TRUE,0,0,FALSE
661,Female,29.83,3.5,u,1,c,0.165,0,f,741,f,TRUE,216,0,FALSE
662,Male,23.5,1.5,u,1,w,0.875,1,f,14,t,TRUE,160,0,FALSE
663,Female,32.08,4,y,0,cc,1.5,1,f,74,t,TRUE,120,0,FALSE
664,Female,31.08,1.5,y,0,w,0.04,1,f,214,f,FALSE,160,0,FALSE
665,Female,31.83,0.04,y,0,m,0.04,0,f,781,f,TRUE,0,0,FALSE
666,Male,21.75,11.75,u,1,c,0.25,1,f,339,t,TRUE,180,0,FALSE
667,Male,17.92,0.54,u,1,c,1.75,0,t,833,t,TRUE,80,5,FALSE
668,Female,30.33,0.5,u,1,d,0.085,1,f,629,t,FALSE,252,0,FALSE
669,Female,51.83,2.04,y,0,ff,1.5,1,f,288,f,TRUE,120,1,FALSE
670,Female,47.17,5.835,u,1,w,5.5,1,f,47,f,TRUE,465,150,FALSE
671,Female,25.83,12.835,u,1,cc,0.5,1,f,573,f,TRUE,0,2,FALSE
672,Male,50.25,0.835,u,1,aa,0.5,1,f,197,t,TRUE,240,117,FALSE
673,?,29.5,2,y,0,e,2,1,f,53,f,TRUE,256,17,FALSE
674,Male,37.33,2.5,u,1,i,0.21,1,f,501,f,TRUE,260,246,FALSE
675,Male,41.58,1.04,u,1,aa,0.665,0,f,831,f,TRUE,240,237,FALSE
676,Male,30.58,10.665,u,1,q,0.085,1,t,65,t,TRUE,129,3,FALSE
677,Female,19.42,7.25,u,1,m,0.04,0,t,745,f,TRUE,100,1,FALSE
678,Male,17.92,10.21,u,1,ff,0,1,f,77,f,TRUE,0,50,FALSE
679,Male,20.08,1.25,u,1,c,0,1,f,75,f,TRUE,0,0,FALSE
680,Female,19.5,0.29,u,1,k,0.29,1,f,631,f,TRUE,280,364,FALSE
681,Female,27.83,1,y,0,d,3,1,f,200,f,TRUE,176,537,FALSE
682,Female,17.08,3.29,u,1,i,0.335,1,f,295,t,TRUE,140,2,FALSE
683,Female,36.42,0.75,y,0,d,0.585,1,f,502,f,TRUE,240,3,FALSE
684,Female,40.58,3.29,u,1,m,3.5,1,f,257,t,FALSE,400,0,FALSE
685,Female,21.08,10.085,y,0,e,1.25,1,f,533,f,TRUE,260,0,FALSE
686,Male,22.67,0.75,u,1,c,2,1,t,40,t,TRUE,200,394,FALSE
687,Male,25.25,13.5,y,0,ff,2,1,t,241,t,TRUE,200,1,FALSE
688,Female,17.92,0.205,u,1,aa,0.04,1,f,35,f,TRUE,280,750,FALSE
689,Female,35,3.375,u,1,c,8.29,1,f,349,t,TRUE,0,0,FALSE
